quest_id,question,context
0,Lịch sử hình thành của Uniqlo?,"Uniqlo

 là một công ty thiết kế, may mặc và bán lẻ trang phục thường ngày của Nhật Bản. Ban đầu là một bộ phận của công ty Fast Retailing, Uniqlo trở thành một công ty con từ tháng 11 năm 2005, và có tên trong nhóm hạng nhất của sàn chứng khoán Tokyo.
Ngoài Nhật Bản, Uniqlo còn hoạt động ở Trung Quốc, Hồng Kông, Đài Loan, Pháp, Malaysia, Bangladesh, Philippines, Nga, Singapore, Hàn Quốc, Thái Lan, Vương quốc Anh, Mỹ, Indonesia, Ấn Độ và Việt Nam.
Lịch sử.
Năm 1963, Men's Shop Ogori Shoji được thành lập tại Ube, Yamaguchi.
Năm 1984, Hitoshi Yanai lúc đó đang điều hành một cửa hàng thời trang nam là Men's Shop Ogori Shoji ở Ube, Yamaguchi, đã mở thêm một cửa hàng mới là Unique Clothing Warehouse ở Fukuro-machi, Naka-ku, Hiroshima, tiền thân của Uniqlo. Cái tên ""Uniqlo"" ra đời từ đây, là cách viết rút gọn của ""unique clothing"".
Tháng 9 năm 1991, Men's Shop Ogori Shoji đổi tên thành Fast Retailing, và cho đến tháng 4 năm 1994, đã có hơn 100 cửa hàng Uniqlo hoạt động trên khắp nước Nhật.

"
1,Trụ sở của Mercedes AMG được đặt ở đâu?,"Mercedes AMG

Mercedes-AMG GmbH, thường được gọi là AMG, là một nhà thiết kế, sản xuất và lắp ráp các loại xe hơi thuộc thương hiệu Mercedes Benz. Mercedes AMG đặt trụ sở tại Affalterbach, Baden-Württemberg, Cộng hòa Liên bang Đức. Trước đây là một nhà sản xuất động cơ độc lập chuyên nghiên cứu và nâng cấp các dòng xe của Mercedes. DaimlerChrysler cho thấy sự quan tâm về việc giành quyền kiểm soát AMG vào năm 1990 và trở thành sở hữu của AMG vào năm 2005. AMG hiện tại là một công ty con được sở hữu hoàn toàn bởi Daimler AG.
Các mẫu xe của AMG thường có vẻ bề ngoài mạnh mẽ hơn, một công suất mạnh hơn, lái dễ dàng hơn, độ ổn định cao hơn và sử dụng một cách rộng rãi vật liệu sợi carbon so với những chiếc xe nguyên bản của Mercedes. Các mẫu xe của AMG thường là những mẫu xe đắt nhất và có hiệu suất cao nhất so với chiếc xe cùng dòng của Mercedes.
Những chiếc xe của AMG thường có tên mã với 2 chữ số so với 3 chữ số của Mercedes.
Lịch sử.
AMG được thành lập năm 1967 như một nhà sản xuất động cơ xe đua dưới cái tên là AMG Motorenbau und Entwicklungsgesellschaft mbH (Công ty trách nhiệm hữu hạn sản xuất và phát triển động cơ AMG) bởi hai cựu kĩ sư của Mercedes tên là Hans Werner Aufrecht và Erhard Melcher ở Burgstall an der Murr, gần Stuttgart. Cái tên ""AMG"" là viết tắt của Aufrecht, Melcher và Großaspach (nơi sinh của Aufrecht). Vào năm 1976 hầu hết AMG chuyển đến Affalterbach, với bộ phận nghiên cứu động cơ xe đua còn ở lại vị trí cũ ở Burgstal. Lúc này Erhard Melcher không còn là thành viên hội đồng quản trị, nhưng vẫn tiếp tục làm việc như một nhân viên ở Burgstall.
Năm 1990, AMG đã trở thành một nhà thầu cao cấp cung cấp việc chỉnh sửa, ""độ"" lại các mẫu xe của Mercedes. Daimler-Benz AG và AMG đã ký một hợp đồng cho phép AMG sử dụng mạng lưới đại lý rộng khắp của Daimler-Benz và tiến tới phát triển hoàn toàn một mẫu xe (mẫu xe đầu tiên là Mercedes-Benz C36 AMG ra đời năm 1993). Vào ngày 1 tháng 1 năm 1999, DaimlerChrysler thâu tóm đủ 51% cổ phần của AMG và đổi tên công ty thành Mercedes-AMG GmbH đồng thời thoái vốn khỏi bộ phận phát triển động cơ xe đua, bộ phận này tiếp tục tồn đại dưới cái tên HWA. Vào ngày 1 tháng 1 năm 2005, Aufrecht bán phần cố phiếu còn lại cho DaimlerChrysler, từ đó Mercedes-AMG GmbH trở thành một công ty con và thuộc sở hữu hoàn toàn của DaimlerChrysler.
Các dòng sản phẩm.
AMG bắt đầu bằng việc thiết kế và thử nghiệm các động cơ. Sau đó mở rộng sang thiết kế và tùy chỉnh các xe nguyên bản của Mercedes

"
2,Diện tích bề mặt của Hồ Abraham là bao nhiêu?,"Hồ Abraham

Hồ Abraham là một hồ nhân tạo trên sông Bắc Saskatchewan ở miền tây của tỉnh Alberta, Canada. Nó có diện tích bề mặt là 53,7 km 2 (20,7 sq mi) và dài khoảng 32 km (20 dặm).
Lịch sử.
Nó được xây dựng trên khu vực thượng nguồn sông Bắc Saskatchewan, ở chân của dãy núi Rocky của Canada. Nó là khu vực giữa quốc lộ David Thompson đoạn từ Saskatchewan River Crossing và Nordegg.
Hồ Abraham đã được tạo ra vào năm 1972, với việc xây dựng Đập thủy điện Bighorn. Chính phủ của Alberta đã tổ chức một cuộc thi đặt tên cho hồ vào tháng 2 năm 1972, trong giai đoạn cuối cùng của việc xây dựng đập Bighorn. Sinh viên trong tỉnh được yêu cầu gửi tên có tính đến ""ý nghĩa lịch sử, nhân vật nổi tiếng, địa lý, địa hình, và giá trị của hồ."" Nó được đặt tên theo Silas Abraham, một cư dân của thung lũng sông Saskatchewan trong thế kỷ XIX.
Mặc dù con người tạo ra hồ, nhưng nước trong hồ có màu xanh khác thường được tạo ra bởi bột băng trong dãy núi Rocky.

"
3,Tim Robbins là ai?,"Tim Robbins

Timothy Francis ""Tim"" Robbins (sinh ngày 16 tháng 10 năm 1958) là một Diễn viên, đạo diễn, nhà sản xuất, nhà biên kịch, nhà hoạt động xã hội, nhạc sĩ người Mỹ. Ông nổi tiếng với vai diễn Nuke trong ""Bull Durham"", Jacob Singer trong ""Jacob's Ladder"", Griffin Mill trong ""The Player"", Andy Dufresne trong ""The Shawshank Redemption"" và vai Dave Boyle trong ""Mystic River"", với vai diễn này ông đã giành Giải Oscar cho nam diễn viên phụ xuất sắc nhất.
Tuổi trẻ.
Robbins sinh tại West Covina, California và lớn lên tại thành phố New York, là con trai của Mary Cecelia (tên thời con gái là Bledsoe), một nữ diễn viên, và Gilbert Lee Robbins (1931–2011), một nhạc sĩ, ca sĩ nhạc dân gian, diễn viên và cựu quản lý của The Gaslight Cafe. Robbins có 2 chị em gái, Adele và Gabrielle, và một anh em trai, David. Ông được dạy dỗ theo Công giáo. Gia đình ông đã chuyển đến làng Greenwich khi ông còn nhỏ, lúc đó cha ông đang theo đuổi sự nghiệp trong nhóm nhạc dân gian The Highwaymen. Robbins đã bắt đầu diễn kịch khi 12 tuổi và gia nhập câu lạc bộ kịch của trường trung học Stuyvesant. Ông đã học 2 năm tại Đại học tiểu bang New York tại Plattsburgh rồi sau đó quay lại California để học tại trường Điện ảnh UCLA.

"
4,Đơn vị hành chính Quận Bắc Từ Liêm bao gồm những đơn vị nào?,"Bắc Từ Liêm

Bắc Từ Liêm là một quận nội thành thuộc thành phố Hà Nội, Việt Nam.
Địa lý.
Quận Bắc Từ Liêm nằm cách trung tâm thành phố Hà Nội 10 km về phía tây, có vị trí địa lý:
Quận có diện tích 45,24 km², dân số năm 2020 là 340.605 người, mật độ dân số đạt 7.529 người/km².
Lịch sử.
Quận Bắc Từ Liêm được thành lập theo Nghị quyết số 132/NQ-CP ngày 27 tháng 12 năm 2013 của Chính phủ, trên cơ sở điều chỉnh toàn bộ diện tích tự nhiên và dân số của 9 xã: Thượng Cát, Liên Mạc, Tây Tựu, Thụy Phương, Minh Khai, Phú Diễn, Đông Ngạc, Xuân Đỉnh, Cổ Nhuế; 9,30 ha diện tích tự nhiên và 596 nhân khẩu của xã Xuân Phương; 75,48 ha diện tích tự nhiên và 10.126 nhân khẩu của thị trấn Cầu Diễn thuộc huyện Từ Liêm cũ. Đồng thời, thành lập 13 phường thuộc quận Bắc Từ Liêm như sau:
- Thành lập phường Thượng Cát trên cơ sở toàn bộ 388,90 ha diện tích tự nhiên và 10.000 nhân khẩu của xã Thượng Cát.
- Thành lập phường Liên Mạc trên cơ sở toàn bộ 598,70 ha diện tích tự nhiên và 12.966 nhân khẩu của xã Liên Mạc.
- Thành lập phường Thụy Phương trên cơ sở toàn bộ 287,59 ha diện tích tự nhiên và 13.753 nhân khẩu của xã Thụy Phương.
- Thành lập phường Minh Khai trên cơ sở toàn bộ 485,91 ha diện tích tự nhiên và 36.709 nhân khẩu của xã Minh Khai.
- Thành lập phường Tây Tựu trên cơ sở toàn bộ 530,18 ha diện tích tự nhiên và 26.970 nhân khẩu của xã Tây Tựu; 9,30 ha diện tích tự nhiên và 596 nhân khẩu của xã Xuân Phương. Phường Tây Tựu có 539,48 ha diện tích tự nhiên và 27.566 nhân khẩu.
- Thành lập phường Đông Ngạc trên cơ sở 241 ha diện tích tự nhiên và 23.922 nhân khẩu của xã Đông Ngạc.
- Thành lập phường Đức Thắng trên cơ sở 120 ha diện tích tự nhiên và 19.923 nhân khẩu còn lại của xã Đông Ngạc.
- Thành lập phường Xuân Đỉnh trên cơ sở 352,20 ha diện tích tự nhiên và 33.659 nhân khẩu của xã Xuân Đỉnh.
- Thành lập phường Xuân Tảo trên cơ sở 226,30 ha diện tích tự nhiên và 12.622 nhân khẩu còn lại của xã Xuân Đỉnh.
- Thành lập phường Cổ Nhuế 1 trên cơ sở 217,70 ha và 33.346 nhân khẩu của xã Cổ Nhuế; 3,30 ha diện tích tự nhiên và 372 nhân khẩu của thị trấn Cầu Diễn. Phường Cổ Nhuế 1 có 221 ha diện tích tự nhiên và 33.718 nhân khẩu.
- Thành lập phường Cổ Nhuế 2 trên cơ sở 403,43 ha và 44.488 nhân khẩu còn lại của xã Cổ Nhuế; 1,60 ha diện tích tự nhiên và 292 nhân khẩu của thị trấn Cầu Diễn. Phường Cổ Nhuế 2 có 405,03 ha diện tích tự nhiên và 44.780 nhân khẩu.
- Thành lập phường Phúc Diễn trên cơ sở 209,03 ha và 21.820 nhân khẩu của xã Phú Diễn; 8 ha và 1.914 nhân khẩu của thị trấn Cầu Diễn (phía Nam quốc lộ 32 và phía Tây Sông Nhuệ). Phường Phúc Diễn có 217,03 ha diện tích tự nhiên và 23.734 nhân khẩu.
- Thành lập phường Phú Diễn trên cơ sở 189,62 ha và 19.514 nhân khẩu còn lại của xã Phú Diễn; 62,58 ha và 7.548 nhân khẩu của thị trấn Cầu Diễn (phía Bắc quốc lộ 32). Phường Phú Diễn có 252,20 ha diện tích tự nhiên và 27.062 nhân khẩu.
Ngày 27 tháng 4 năm 2021, Ủy ban Thường vụ Quốc hội ban hành Nghị quyết số 1263/NQ-UBTVQH14 (nghị quyết có hiệu lực từ ngày 1 tháng 7 năm 2021). Theo đó, điều chỉnh 10,32 ha diện tích tự nhiên thuộc địa giới hành chính phường Cổ Nhuế 1 về phường Nghĩa Tân của quận Cầu Giấy quản lý.
Hành chính.
Quận Bắc Từ Liêm có 13 đơn vị hành chính cấp xã trực thuộc, bao gồm 13 phường: Cổ Nhuế 1, Cổ Nhuế 2, Đức Thắng, Đông Ngạc, Thụy Phương, Liên Mạc, Thượng Cát, Tây Tựu, Minh Khai, Phú Diễn, Phúc Diễn, Xuân Đỉnh, Xuân Tảo.
Giao thông.
Các dự án đường sắt đô thị đi qua địa bàn quận là các tuyến số 2 (Nội Bài - Thượng Đình), tuyến số 3 (Trôi - Nhổn - Yên Sở), tuyến số 4 (Liên Hà - Bắc Thăng Long), tuyến số 7 (Mê Linh - Ngọc Hồi), tuyến số 8 (An Khánh - Dương Xá), trong đó tuyến số 3 đoạn Nhổn - Ga Hà Nội (một phần của tuyến Trôi - Nhổn - Yên Sở) hiện đang được thi công; tuyến số 2 đoạn Nam Thăng Long - Trần Hưng Đạo (một phần của tuyến Nội Bài - Thượng Đình) hiện đang được đầu tư xây dựng.
Giáo dục.
Quận Bắc Từ Liêm tập trung khá nhiều trường đại học và các cơ sở đào tạo lớn như:
Hạ tầng kỹ thuật.
Hệ thống đường sắt đô thị.
Các dự án đường sắt đô thị đi qua địa bàn quận là các tuyến số 2 (Nội Bài - Thượng Đình), tuyến số 3 (Sơn Tây - Nhổn - Yên Sở), tuyến số 4 (Liên Hà - Bắc Thăng Long), tuyến số 6 (Nội Bài - Ngọc Hồi), tuyến số 7 (Mê Linh - Hà Đông), tuyến số 8 (An Khánh - Dương Xá), trong đó tuyến số 3 đoạn Nhổn - Ga Hà Nội (một phần của tuyến Sơn Tây - Nhổn - Yên Sở) hiện đang được thi công, tuyến số 2 đoạn Nam Thăng Long - Trần Hưng Đạo (một phần của tuyến Nội Bài - Thượng Đình) hiện đang được đầu tư xây dựng.
 Tuyến số 3 ""(Đang xây dựng)"": Ga Nhổn - Ga Minh Khai - Ga Phúc Diễn → (Quận Nam Từ Liêm)

"
5,Dự án Sân bay Sa Pa được khởi công xây dựng vào ngày bao nhiêu?,"Sân bay Sa Pa

Sân bay Sa Pa là một sân bay được xây dựng ở tỉnh Lào Cai, Việt Nam. Chủ trương đầu tư dự án đã được Phó thủ tướng Chính phủ Việt Nam Lê Văn Thành phê duyệt ngày 21 tháng 10 năm 2021. Dự án này sẽ được đầu tư theo hình thức đối tác công tư (PPP) hoặc BOT, với khái toán gần 7.000 tỷ đồng.
Sân bay tọa lạc tại xã Cam Cọn, huyện Bảo Yên, tỉnh Lào Cai, nằm cạnh đường cao tốc Nội Bài – Lào Cai, cách thành phố Lào Cai 30 km và cách thị xã Sa Pa 60 km.
Dự án sẽ được triển khai trong 2 giai đoạn. Tổng diện tích đất sử dụng là 371 ha, trong đó giai đoạn 1 là 295,2 ha và giai đoạn 2 là 75,8 ha.
Sau khi hoàn thành giai đoạn 1, sân bay này đạt chuẩn cảng hàng không cấp 4C (theo tiêu chuẩn của Tổ chức Hàng không dân dụng quốc tế) và là sân bay quân sự cấp II, có công suất 1,5 triệu hành khách mỗi năm.
Giai đoạn 2 xây dựng đầu tư từ năm 2028, sẽ hoàn thành các hạng mục để nâng công suất lên 3 triệu hành khách mỗi năm.
Dự án chính thức khởi công xây dựng vào ngày 27 tháng 8 năm 2022 và dự kiến khánh thành vào năm 2026.

"
6,Cảng biển Việt Nam được quản lý bởi cơ quan nào?,"Cảng biển Việt Nam

Cảng biển Việt Nam được quản lý bởi Cục Hàng Hải Việt Nam thuộc Bộ Giao thông Vận tải Việt Nam trong khi các Cảng sông Việt Nam được quản lý bởi Cục đường thủy nội địa Việt Nam. Theo Quy hoạch tổng thể phát triển hệ thống cảng biển Việt Nam thời kỳ 2021-2030, tầm nhìn đến năm 2050 thì Việt Nam có tổng số 36 cảng biển được đặt theo tên cấp tỉnh tương ứng, trong đó 2 cảng biển đặc biệt, 15 cảng biển loại I, 6 cảng biển loại II, 13 cảng biển loại III.
Danh sách.
Hệ thống cảng biển Việt Nam gồm 36 cảng tại 36 tỉnh thành, trong đó có 28 tỉnh thành giáp biển và 8 tỉnh thành không giáp biển.

"
7,Nội dung phim truyện truyền hình Việt Nam bao gồm những thể loại nào?,"Phim truyện truyền hình Việt Nam

Phim truyện truyền hình Việt Nam hay phim bộ Việt Nam là một thể loại truyền hình tiếng Việt sản xuất và phát sóng chủ yếu tại Việt Nam. Thông thường, các bộ phim truyện nội địa được phát sóng trong khung giờ 19h00 đến 22h00 tối hoặc từ 13h00 chiều. Những bộ phim này có cấu trúc hoàn chỉnh và kéo dài khoảng 30–45 phút cho mỗi tập. Với bộ phim truyền hình đầu tiên là ""Người thành phố"", phim truyện Việt Nam đã phát triển thành đa dạng các thể loại khác nhau và được phổ biến với người xem trong nước qua nhiều tác phẩm nổi bật. Trung tâm Phim truyền hình Việt Nam (VFC) được coi là một trong những đơn vị sản xuất phim truyền hình lớn nhất hiện nay.
Lịch sử.
Năm 1980, Công ty Nghe nhìn Việt Nam (tiền thân của Trung tâm Phim truyền hình Việt Nam) được thành lập và đi vào hoạt động. Bộ phim truyện đầu tiên của truyền hình Việt Nam khi ấy là ""Người thành phố"" phát sóng lần đầu vào năm 1983, do Khải Hưng làm đạo diễn. Thời điểm này, Đài Truyền hình Việt Nam chỉ thí điểm sản xuất thử nghiệm phát sóng 1 tập phim/năm do sự thiếu thốn trong kỹ thuật và nhân lực. Năm 1983, phim ""Đứa con tôi"" chuyển thể từ vở kịch cùng tên đã đoạt Huy chương Vàng tại Liên hoan phim Việt Nam lần thứ 6. Việc sản xuất và phát sóng bộ phim ""Mặt trời bé con"" vào năm 1989 cũng được coi là một dấu mốc chất lượng và cho ra đời khái niệm ""phim truyện làm bằng chất liệu băng từ"". Đến năm 1993, bộ phim ""Lời nguyền của dòng sông"" đã đoạt giải Vàng Liên hoan phim truyền hình quốc tế Brussels, thành công thu hút được sự chú ý về loại hình làm phim được cho là mới tại thời điểm đó. 
Năm 1994, chương trình ""Văn nghệ Chủ Nhật"" ra mắt, đánh dấu cho nguồn gốc của khái niệm ""phim truyền hình"" tại Việt Nam với bộ phim đầu tiên phát sóng trong khung giờ là ""Mẹ chồng tôi"" dài 2 tập. Việc thành lập Hãng phim Truyền hình Thành phố Hồ Chí Minh sản xuất những bộ phim được nhiều người xem cũng khiến cho khái niệm ""phim truyền hình"" phổ biến rộng rãi hơn. Năm 1996, bộ phim dài tập đầu tiên ""Người đẹp Tây Đô"" đã được phát sóng và sau đó là phim truyện truyền hình áp dụng kỹ thuật thu tiếng trực tiếp ""Gió qua miền tối sáng"" với độ dài 30 tập, cũng như sự ra đời của loạt phim ""Cảnh sát hình sự"" trên sóng VTV vào năm 1997. 
Trong những năm 2000, nhiều hãng phim tư nhân đã bắt đầu tham gia vào thị trường phim truyện truyền hình. Năm 2004, bộ phim hợp tác đầu tiên giữa hai nước Việt-Thái ""Tình xa"" được phát sóng. Năm 2005, bộ phim hài tình huống ""Lẵng hoa tình yêu"" do Đài Truyền hình Thành phố Hồ Chí Minh hợp tác sản xuất với công ty FNC, Hàn Quốc đã ra mắt khán giả, cùng thời điểm ""Vòng xoáy tình yêu"" – bộ phim giờ vàng đầu tiên phát sóng trong chương trình Phim Việt cuối tuần của HTV và gây ""sốt"" một thời gian dài. 
Từ đầu thập niên 2010, những quy định mới về thời lượng phát sóng phim Việt trên truyền hình theo Luật Điện ảnh đã thu hút sự chú ý từ các nhà sản xuất và tham gia đầu tư. Tuy nhiên, điều này sau đó gây ra nhiều tranh cãi vì các bộ phim truyện phát sóng trong giai đoạn này đều bị chỉ trích về chất lượng nội dung và những lùm xùm xoay quanh, mà đỉnh điểm là phim ""Anh chàng vượt thời gian"" trên kênh VTV3 đã phải dừng phát sóng ở phần 1 do những khó khăn trong nguồn lực bên phía sản xuất và chất lượng không được đảm bảo. Các năm từ 2011 đến 2013 cũng được đánh giá là ""giai đoạn xuống dốc"" của phim truyền hình Việt. Từ năm 2014, hai phần phim ""Tuổi thanh xuân"" do VFC hợp tác sản xuất với CJ E&amp;M Pictures cùng phiên bản Việt hóa từ bộ phim Israel cùng tên ""Người phán xử"" được cho là đã ""vực dậy"" sự quan tâm của khán giả đối với phim truyện trong nước. Năm 2019, bộ phim ""Về nhà đi con"" tại thời điểm phát sóng nhanh chóng thu hút lượng lớn người xem và được xưng danh thành ""phim truyền hình quốc dân"".
Thể loại.
Những thể loại nội dung của phim truyền hình Việt Nam bao gồm tâm lý xã hội, gia đình, lãng mạn, hài hước, chính luận, hành động, tuyên truyền, cổ trang và lịch sử. Trong khi các bộ phim sản xuất tại miền Bắc chủ yếu tập trung vào mảng chính luận thì các bộ phim sản xuất tại miền Nam lại xoay quanh lãng mạn, hài hước. Số bộ phim truyền hình do nhà nước đặt hàng sản xuất thường là phim tuyên truyền và lịch sử. Trong những năm gần đây, phim truyện truyền hình Việt Nam đều tập trung vào khai thác thể loại tình cảm và gia đình. Dòng phim Việt hóa tác phẩm nước ngoài cũng trở nên nở rộ và thu hút ý kiến trái chiều từ khán giả.
Phạm vi phổ biến.
Nhiều bộ phim truyền hình Việt Nam đến nay mới chỉ được sản xuất và phục vụ chủ yếu trong phạm vi khán giả trong nước, tuy nhiên một số phim hợp tác giữa các quốc gia cũng được phát sóng và quảng bá tại nhiều nơi trên thế giới. Năm 2003, ""Đất phương Nam"" đã trở thành bộ phim truyền hình đầu tiên được xuất khẩu và phát hành DVD tại Mỹ. Đến năm 2016, Công ty cổ phần truyền thông đa phương tiện Lasta là đơn vị sản xuất tiên phong tại Việt Nam xuất khẩu các bộ phim truyện truyền hình sang Myanmar.

"
8,Tuần lễ Thời trang New York đưọc tổ chức nhằm mục đích gì?,"Tuần lễ Thời trang New York

 Tuần lễ Thời trang New York (tên gốc là New York Fashion Week), được tổ chức vào tháng 2 và tháng 9 hàng năm, là chuỗi sự kiện nửa năm (thường kéo dài từ 7 đến 9 ngày) để trình diễn các bộ sưu tập thời trang quốc tế phục vụ cho người mua, báo chí và công chúng. Đây là một trong bốn tuần lễ thời trang lớn trên thế giới, được gọi chung là ""Big 4"", cùng với những tuần lễ ở Paris, London và Milan. Hội đồng các nhà thiết kế thời trang của Mỹ (CFDA) đã tạo ra khái niệm hiện đại về Tuần lễ thời trang New York tập trung vào năm 1993, mặc dù các thành phố như London đã sử dụng tên thành phố của họ kết hợp với ""tuần lễ thời trang"" vào những năm 1980. NYFW dựa trên một chuỗi các sự kiện cũ hơn nhiều gọi là ""Tuần báo chí"", được thành lập vào năm 1943.
Nó bao gồm sự kiện của nhiều thương hiệu, như Olympus Fashion Week New York và MADE Fashion Week, và nhiều sản phẩm thời trang độc lập.
Các nhà sản xuất của Tuần lễ thời trang New York bao gồm IMG, The SOCIETY Fashion Week, FTL Moda của Fashion Week Online, Style 360, Art Hearts Fashion, Style Fashion Week, and ASC Fashion week cùng nhiều nhà sản xuất khác. Đóng góp kinh tế của Tuần lễ thời trang New York ước tính khoảng 887 triệu đô la.
Nguyên bản.
Tuần lễ thời trang New York đầu tiên được diễn ra vào năm 1943 bởi Eleanor Lambert, giám đốc báo chí của tổ chức quảng cáo đầu tiên của ngành thời trang Mỹ, Viện trang phục New York.
Sự kiện này là tuần lễ thời trang được tổ chức đầu tiên trên thế giới, được gọi là ""Tuần báo chí"", và được tạo ra để thu hút sự chú ý thay vì thời trang Pháp trong Thế chiến II, khi những người trong ngành thời trang không thể đến Paris để xem các buổi trình diễn thời trang của Pháp. Nó cũng có nghĩa là để giới thiệu các nhà thiết kế Mỹ cho các nhà báo thời trang, những người đã không quan tâm sự thay đổi về thời trang của Hoa Kỳ.
Tuần báo chí là một thành công và các tạp chí thời trang như ""Vogue"", thường chứa đầy các thiết kế của Pháp, ngày càng nổi bật với thời trang Mỹ.
Vào giữa những năm 1950, sự kiện này được gọi là ""Tuần báo chí của New York"". Mùa xuân năm 1951 (được tổ chức vào tháng 2 năm 1951) là Tuần báo chí thường niên lần thứ 16 của New York. 

"
9,Ban giảm hiệu trường Đại học Hàng hải Gdynia bao gồm những ai?,"Đại học Hàng hải Gdynia

Đại học Hàng hải Gdynia là một cơ sở giáo dục công lập của Nhà nước Ba Lan, chuyên đào tạo các chuyên gia trong lĩnh vực hàng hải và khai thác tàu, vận hành nhà máy điện tàu, điện tử tàu thủy, vận hành cảng và hậu cần, vận hành hệ thống kỹ thuật đất liền và sửa chữa, kinh tế hàng hải... Trường có trụ sở tại 81/87 đường Morska, thành phố Gdynia.
Lịch sử của trường.
Tiền thân của Trường Đại học Hàng hải Gdynia là Trường Hàng hải ở Tczew, được thành lập vào ngày 17 tháng 6 năm 1920, với hai khoa Điều hướng và Cơ khí. Năm 1938, Khoa Giao thông Vận tải và Hàng hải được thành lập. Dần dần, các khoa mới được thành lập và các chuyên ngành được mở rộng. Năm 1967, trường Trường Hàng hải Tczew được chuyển đổi thành Trường Hàng hải bang Gdynia. Năm 1968, Trường Hàng hải bang ở Gdynia được chuyển đổi thành Trường Đại học Hàng hải ở Gdynia.
Các Khoa đào tạo.
Khoa Điện (Trưởng khoa: GS. TSKH Krzysztof Górecki).
Khoa Cơ khí (Trưởng khoa: GS. TSKH Adam Charchalis)
Khoa Điều hướng (Trưởng khoa: GS. TSKH Leszek Smolarek)
Khoa Kinh doanh và Hàng hóa (Trưởng khoa: GS. TSKH Andrzej S. Grzelakowski)
Ngoài ra, trường còn có các phòng ban chức năng khác như: Viện Hàng hải, Thư viện, Phòng hướng nghiệp sinh viên, Trung tâm Giáo dục Kỹ thuật Hàng hải, Khoa ngoại ngữ, Trung tâm Thể dục và Thể thao, Nhà xuất bản.
Ban giám hiệu.
Hiệu trưởng: GS. TSKH Janusz ZARĘBSKI
Hiệu phó phụ trách Khoa học: GS. TSKH Ireneusz CZRNAOWSKI
Hiệu phó phụ trách Giáo dục: GS. TSKH Andrzej MISZCZAK
Hiệu phó phụ trách Hàng hải: GS. TSKH Henryk ŚNIEGOCKI

"
10,Đại dịch cúm 1957–1958 đã ảnh hưởng tới nền kinh tế thế giới như thế nào?,"Đại dịch cúm 1957–1958

Đại dịch cúm 1957–1958, hay còn gọi là dịch cúm châu Á, là đại dịch toàn cầu gây ra bởi virus cúm A, phân nhóm H2N2 có nguồn gốc từ Quý Châu, Trung Quốc. Đại dịch đã cướp đi sinh mạng của ít nhất 1 triệu người trên thế giới.
Lịch sử.
Chủng vi rút gây ra đại dịch, phân nhóm virut cúm A H2N2, là sự tái tổ hợp của cúm gia cầm (có thể là từ ngỗng) và virus cúm ở người. Vì đây là một chủng virus mới, nên khả năng miễn dịch là tối thiểu trong quần thể người.
Báo cáo xác định các trường hợp đầu tiên xảy ra vào cuối năm 1956 ở Quý Châu hoặc tháng 2 năm 1957. Cũng có thể nó đã khởi phát ở lân cận tỉnh Vân Nam trước cuối tháng Hai. Vào ngày 17 tháng 4, ""The Times"" đã thông báo về ""một dịch cúm đã ảnh hưởng đến hàng ngàn cư dân Hồng Kông"". Đến cuối tháng, Singapore cũng trải qua đợt bùng phát dịch cúm mới, lên đến đỉnh điểm vào giữa tháng 5 với 680 người chết. Tại Đài Loan, dịch bệnh ảnh hưởng đến 100.000 người. Ấn Độ có một triệu trường hợp mắc cúm vào tháng 6. Trong cuối tháng đó, đại dịch đã lan đến Vương quốc Anh.
Đến tháng 6 năm 1957, dịch bệnh lan sang Hoa Kỳ, khởi đầu với một vài ca bệnh nhiễm trùng. Những người bị ảnh hưởng đầu tiên là các nhân viên Hải quân Hoa Kỳ tại các khu trục hạm cập cảng Trạm Hải quân Newport, cũng như các tân binh quân sự mới ở nơi khác. Làn sóng lây nhiễm thứ nhất đến vào tháng 10 (trong cộng đồng những trẻ em trở lại trường học) và đợt thứ hai, vào tháng 1 và tháng 2 năm 1958 ở những người cao tuổi, gây tử vong nhiều hơn. Nhà vi trùng học Maurice Hilleman đã hoảng hốt trước những bức ảnh về những người bị ảnh hưởng bởi virus ở Hồng Kông được đăng trên ""tờ New York Times"". Ông đã lấy được mẫu virus từ một bác sĩ của Hải quân Hoa Kỳ tại Nhật Bản. Sở Y tế Công cộng đã tiến hành nuôi cấy virus cho các nhà sản xuất vắc-xin vào ngày 12 tháng 5 năm 1957. Một loại vắc-xin sau đó được đưa vào thử nghiệm tại Fort Ord vào ngày 26 tháng 7 và tại Căn cứ Không quân Lowry vào ngày 29 tháng 7. Số ca tử vong lên đến đỉnh điểm vào cuối ngày 17 tháng 10 với 600 ca ở Anh và xứ Wales. Vắc-xin đã có sẵn trong cùng tháng tại Vương quốc Anh. Mặc dù ban đầu nó chỉ có sẵn với số lượng hạn chế, nhưng việc triển khai nhanh chóng đã giúp ngăn chặn đại dịch.
Virus cúm H2N2 tiếp tục lan truyền cho đến năm 1968, khi nó biến đổi qua sự dịch chuyển kháng nguyên thành phân nhóm virus cúm A H3N2, là nguyên nhân gây ra đại dịch cúm năm 1968.
Tử vong.
Tỷ lệ tử vong của bệnh cúm châu Á là khoảng 0,67%. Bệnh có tỷ lệ biến chứng 3% và tỷ lệ tử vong 0,3% tại Vương quốc Anh. Ngoài ra, nó có thể gây viêm phổi mà không gây nhiễm trùng thứ cấp. Đại dịch có thể đã lây nhiễm cho nhiều người hơn đại dịch cúm Tây Ban Nha năm 1918. Tuy nhiên, việc nghiên cứu vắc-xin; công tác cải thiện, chăm sóc sức khỏe cũng như phát minh ra kháng sinh đã góp phần làm giảm tỷ lệ tử vong. Nhìn chung, đại dịch gây ra cái chết của 1 đến 2 triệu hoặc 2 đến 4 triệu người. Còn theo ước tính của CDC, số người tử vong là 1,1 triệu người. Theo một nghiên cứu trên Tạp chí Bệnh truyền nhiễm (The Journal of Infectious Diseases) của Nhà xuất bản Đại học Oxford, tỷ lệ tử vong cao nhất xảy ra ở khu vực Mỹ Latinh. Ước tính có khoảng 70.000 đến 116.000 người đã chết ở Hoa Kỳ. Đầu năm 1958, thống kê cho thấy có 14.000 người tử vong vì cúm châu Á ở Vương quốc Anh trong số 9 triệu người mắc bệnh. Tuy gây ra nhiều bệnh nhiễm trùng ở trẻ em, lây lan trong trường học và dẫn đến nhiều trường học bị đóng cửa, nhưng hiếm khi gây tử vong ở trẻ em. Đối tượng gây tử vong chủ yếu của virus là phụ nữ mang thai, người già và những người mắc bệnh nền tim và phổi. Theo nghiên cứu của Barbara Sands, tỉ lệ tử vong quá mức trong Đại nhảy vọt ở Trung Quốc thời Mao Trạch Đông có thể phần nào đó liên quan đến dịch cúm năm 1957.
Tác động đến kinh tế.
Chỉ số trung bình công nghiệp Dow Jones đã giảm 15% giá trị trong nửa cuối năm 1957. Tại Vương quốc Anh, chính phủ phải chi ra 10 triệu bảng nhằm trợ cấp ốm đau. Một số nhà máy và hầm mỏ cũng buộc phải đóng cửa. Nhiều trường học cũng đóng cửa ở Ireland, trong đó có 17 trường ở Dublin.

"
11,Những thiệt hại do Động đất Vân Nam 2011 gây ra là gì?,"Động đất Vân Nam 2011

Động đất năm 2011 ở Vân Nam là một trận động đất có cường độ 5,4 độ Richter xảy ra lúc 12h58 giờ Trung Quốc vào ngày 10/3/ 2011với chấn tâm của nó tại huyện Doanh Giang, tỉnh Vân Nam, Trung Quốc, gần biên giới Miến Điện. Có ít nhất 25 người chết và 250 đã bị thương với 134 trong tình trạng nghiêm trọng. Báo cáo của Tân Hoa Xã cho biết có đến bảy dư chấn, cường độ lên đến 4,7 độ Richter, sau trận động đất ban đầu, đã khiến tổng cộng 127.000 người phải sơ tán đến nơi trú ẩn gần đó. Nó nối tiếp hơn 1.000 chấn động nhỏ khác ảnh hưởng đến các khu vực trong hai tháng trước đó.
Thiệt hại.
Chấn tâm có vị trí 2 km so vớitrung tâm của huyện lỵ có dân số hơn 270.000 người và là nơi có nhiều dân tộc thiểu số của Trung Quốc. Hãng thông tấn nhà nước Trung Quốc báo cáo ước tính 1.200 nhà và căn hộ bị sụp đổ và có khoảng 17.500 ngôi nhà đã bị hỏng nặng. Các khu vực xung quanh cũng bị mất điện gây ra bởi trận động đất và nhiều dư chấn. Không rõ thiệt hại tại Myanma dù có hiện tượng viễn thông cúp điện tiếp diễn sau trận động đất.
Đài truyền hình Trung ương Trung Quốc chiếu cánh các tòa nhà bị hư hỏng với các mảnh vỡ xung quanh khi cảnh sát giao thông hướng dẫn giao thông trên một đường phố hỗn loạn. Một người địa phương báo cho BBC về mức độ thiệt hại ""Một nửa một tòa nhà siêu thị đã sụp đổ. Ba tòa nhà lớn khác gần đó bị phá hủy"", và"" các bức tường của hầu hết tòa nhà đã sụp đổ "".
Các rung động nhỏ đã xảy ra ở khu vực này trong hai tháng và gây thiệt hại cho nhiều tòa nhà ở địa phương. Một nhà địa chấn học giải thích rằng sức mạnh của trận động đất này đã mạnh đủ để làm sụp đổ các toà nhà.
Công tác ứng cứu.
Các phương tiện truyền thông Trung Quốc nói rằng 5.000 bộ lều bạt, 10.000 bộ chăn và gần 1.000 binh sĩ đã được gửi đến khu vực để hỗ trợ cứu hộ. Hội chữ thập đỏ Macao cung cấp 200.000 nhân dân tệ vào quỹ cứu trợ cho trận động đất.

"
12,"Sau khi Hiệp định Genève 1954 chia đôi Việt Nam, nghề nghiệp của ông Đinh Xuân Quảng là gì?","Đinh Xuân Quảng

Đinh Xuân Quảng (9 tháng 10 năm 1909 - 17 tháng 2 năm 1971), là một thẩm phán, luật gia và một chính trị gia Việt Nam. Ông từng là bộ trưởng của quốc gia Việt Nam thời quốc trưởng Bảo Đại
Tiểu sử.
Ông sinh ở làng Thọ Linh, xã Quảng Sơn, thị xã Ba Đồn, tỉnh Quảng Bình là con của tham tri Đinh Xuân Trạc và bà Nguyễn Thị Khôn, nội trợ. Đinh Xuân Quảng đậu cử nhân luật khóa đầu tiên (1930) của Đại học Luật khoa Hà Nội và là một trong những thẩm phán Việt Nam đầu tiên trong ngành Tư pháp. Ông thuộc nhóm trí thức Công giáo ủng hộ giải pháp quốc gia dân chủ trong việc tranh đấu đòi độc lập chống chế độ thực dân Pháp và cộng sản. Nhóm quốc gia dựa vào tinh thần dân tộc và dân chủ, tranh đấu cho độc lập qua giải pháp ""ôn hòa"" – thương thuyết để hủy bỏ Hiệp ước Patenôtre (1884, công nhận sự đô hộ của Pháp đối với Việt Nam). Ông đã tham gia thành công trong quá trình vận động hủy bỏ Hiệp ước này, mang lại nền độc lập cho nước nhà.
Ông được coi như là một thẩm phán thanh liêm, bị chính phủ Đệ Nhất Cộng hòa Việt Nam của tổng thống Ngô Đình Diệm bỏ tù trên ba năm sau cuộc đảo chính hụt 1960. Sau chính biến 1963 lật đổ Đệ Nhất Cộng Hòa, ông không tham gia chính trị cho đến năm 1966 khi vào Quốc hội Lập hiến, và giữ chức Chủ tịch Quốc hội, tiếp tay xây dựng Hiến pháp Đệ Nhị Cộng hòa 1967.
Giáo dục, Cuộc Đời.
Từ 1885 trở đi nhiều thế hệ người Việt đã tiếp tục tranh đấu giành lại độc lập và tái sáp nhập Nam kỳ vào Việt Nam. Tranh đấu đòi độc lập là con đường nhiều thế hệ trí thức VN đã theo đuổi. Nó khởi đầu với phong trào Cần Vương vào 1885 đến các cuộc khởi nghĩa do Phan Đình Phùng, Hoàng Hoa Thám. Các sĩ phu như Phan Bội Châu, Phan Châu Trinh, v.v. đã tiếp tục nêu cao lá cờ tranh đấu cho độc lập. Sau những đợt đấu tranh bạo động, có nhiều phong trào chủ trương hiện đại hóa đất nước – du học tại nhiều quốc gia, học hỏi Tây phương qua các trường đại học - để tân canh đất nước tranh đấu giành lại độc lập. Theo bước đi của các bậc tiền bối, cụ tham tri Đinh Xuân Trạc khuyến khích con trai mình ra Bắc theo học văn hóa Tây phương để tranh đấu hữu hiệu hơn.
Lúc đầu được đào tạo qua hệ thống giáo dục cổ điển, nhưng ông cũng tham gia - hấp thụ văn hóa Tây phương khi ông học tại trường Lycée Albert Sarraut ở Hà Nội. Năm 1926, ông bị đuổi khỏi trường vì tham gia biểu tình nhân dịp đám ma nhà ái quốc Phan Châu Trinh. Sau đó ông vào Sài Gòn (Nam kỳ) học tại trường Lycée Chasseloup Laubat đậu tú tài môn triết với hạng tối ưu. Ông cũng được giải thưởng khi thi các trường trung học của khu vực Pháp (Concours général des lycées de France et d’Outre mer). Ông vào khóa đầu tiên của trường Đại học Luật Hà Nội mới được thành lập và ra trường năm 1933 với bằng cử nhân luật.
Năm 1938 ông kết hôn với cô Trần thị Kim Dung con gái cụ Trần Đình Duyệt (hiệu là An Thái), xuất thân gia đình công giáo có người tử vì đạo ở Nam Định.
Ông sinh được bốn con - hai trai, hai gái (Đinh Thị Tố Quyên (1941 -) có chồng là Mai Viết Hiếu; T.S. Đinh xuân Quân (1943 -) tiến sĩ kinh tế làm việc trong vai trò cố vấn cải cách kinh tế và hành chánh cho các tân chính phủ hoặc chính phủ của các quốc gia đang phát triển, Đinh Xuân Quốc (1946 – 1965) và B.S. Đinh Thị Tố Quỳnh (1950 -), có chồng là Kiều Quang Chẩn.
Tham gia Phong trào Tranh đấu giành Độc lập Quốc gia.
Sau khi đậu cử nhân luật, ông không đi làm ""tri huyện"" mà thi vào và làm việc trong ngành tư pháp lúc đó còn thuộc hệ thống tư pháp Pháp. Ông, cũng như một số trí thức khác muốn dùng giáo dục và văn hóa Tây Phương để canh tân VN. Ông đã làm nhiều nhiệm sở - trong đó có tòa án thành phố Vinh nhiều năm. Sau đó ông trở thành biện lý Tòa án Hà Nội vào những năm đầu thập niên 1940.
Trong thập niên 40, ông được bổ làm Biện lý Tòa Thượng Thẩm Hà Nội. Cũng như nhiều trí thức thời đó ông tham gia vào cuộc tranh đấu cho nền độc lập VN trong hàng ngũ Quốc gia và cũng là một trí thức Công giáo tranh đấu cho một nền độc lập khác với phe Việt Minh có khuynh hướng Mácxít.
Là biện lý Tòa án Hà Nội thời 1945-1946, ông đứng lên chất vấn chính phủ Hồ Chí Minh về các vụ bắt bớ nhiều thành phần không cộng sản một cách bất hợp pháp vì lúc ấy các thành phần quốc gia bị Việt Minh truy lùng và ám sát dưới sự chỉ đạo của Võ Nguyên Giáp. Sau đó chính ông cũng bị truy lùng và để tránh bị ám sát ông đã phải trốn qua Trung Hoa trong khi gia đình ông đã về trú ẩn tại Phát Diệm, một khu tự trị công giáo.
Đinh xuân Quảng và ""Giải Pháp Quốc gia"".
Trong năm 1946, nhiều thành phần quốc gia (Dân chủ và Dân tộc) cũng tìm một giải pháp độc lập cho một VN không Cộng sản với những phương tiện ""ôn hòa,"" hợp pháp, dân chủ qua việc thương thuyết với Pháp. Ông là một trong những người trí thức lên tiếng ủng hộ giải pháp không CS từ đầu thập niên 1940 và ông phải trốn qua bên Tàu để tránh bị sát hại. Tại Trung Hoa, với các bạn như Trần Văn Tuyên, Phan Huy Đán, Nguyễn Tường Tam, Nghiêm Xuân Thiện, vv., đã thuyết phục cựu hoàng Bảo Đại cầm đầu phong trào phe quốc gia đòi độc lập. Ông trở thành một trong hai cố vấn của Bảo Đại (người kia là bác sĩ Phan Huy Đán).
Phe quốc gia làm việc ráo riết để đi đến một giải pháp độc lập ôn hòa không Cộng sản - một Mặt Trận Quốc gia Thống Nhất được thành lập vào 1947 để ủng hộ Cựu Hoàng Bảo Đại đàm phán với Pháp. Tại HongKong, tại Trung Hoa và tại VN, ông và các người quốc gia khác đã tham gia tích cực trong ""Giải pháp QGVN"" ngược lại với chính phủ HCM được coi là giải pháp CS. Nhiều biểu tình tại Huế, Saigon ủng hộ giải pháp Quốc gia Việt Nam, yêu cầu Bảo Đại về lập chính phủ./Trong cuộc giành độc lập, phe ""Quốc gia"" đòi hỏi việc bãi bỏ Hiệp ước Patenôtre 1884, sáp nhập Nam kỳ vào VN và giành độc lập - xây dựng một quốc gia VN hiện đại.
Bước đầu tiên của phe quốc gia là Thỏa ước Hạ Long được ký giữa phe Quốc gia Việt Nam và Pháp vào ngày 5 tháng 6 năm 1948. Ông Đinh Xuân Quảng là một trong những thành viên ký kết /,Bản Thỏa ước độc lập này đi xa hơn nhiều so với bản Tạm ước sơ bộ ký giữa Hồ Chí Minh và Sainteny vào 6 tháng 3 năm 1946, theo đó Pháp chỉ nhìn nhận Việt Nam là một ""quốc gia tự do.""
Ông là thành viên Hội đồng Pháp-Việt thương thuyết Hiệp ước Elysée được ký ngày 8 tháng 3 năm 1949 công nhận một Việt Nam thống nhất và độc lập (có nền hành chính, tài chính, quân đội và quyền ngoại giao riêng). Quốc hội Pháp chấp nhận việc sáp nhập Nam kỳ vào Quốc gia Việt Nam ngày 3/6/1949 và ngày 14/6/1949 Nam kỳ chính thức tái sáp nhập vào Quốc gia Việt Nam.
""Giải pháp Quốc gia Việt Nam""
""Giải pháp Quốc gia Việt Nam"" mặc dù ôn hòa và có tính hợp pháp, ít nhiều đã làm giảm chính nghĩa cho phe Quốc gia vì phải liên minh với Pháp để chống lại Cộng sản. Phe CS được sự trợ giúp ngày càng nhiều từ phía Cộng sản Trung Quốc, Nga Xô và phe CS Quốc tế. Chiến tranh giữa Pháp và CS/VM đã dẫn đến trận Điện Biên Phủ và Hiệp Định Genève, mà hậu quả là trên một triệu người ở trên vĩ tuyến 17 đã ""bầu phiếu bằng chân của họ"", di cư vào Nam tìm tự do.
Mặc dù phe Quốc gia đã thành công giành độc lập qua các phương tiện ""ôn hòa đúng công pháp,"" nhưng lúc đó thì đã quá trễ vì tình hình chính trị - quân sự thế giới đã thay đổi khá nhiều, không thuận lợi cho phe Quốc gia. Cuộc chiến giành độc lập đã trở thành một loại chiến tranh ""ủy nhiệm"" giữa hai phe ""Tự Do"" và ""Cộng sản."" 
Một ""chuyên gia"" đóng góp vào việc ""hủy bỏ Hiệp ước Patenôtre"" và xây dựng cơ cấu ""Quốc gia VN"" 
Năm 1947 Đinh Xuân Quảng trở về VN cùng với cựu Thủ tướng Trần Trọng Kim và một số người khác để tiếp tục tranh đấu giành độc lập và thương thuyết với Pháp đòi trả lại Nam kỳ cho VN.
Ông đã phải trải qua những gian truân trong quy trình xây dựng ""Quốc gia Việt Nam - QGVN"" qua việc tham gia nhiều chính phủ từ 1948 đến 1954 trong nhiều cương vị khác nhau.
Một trong những đóng góp của ông là việc xây dựng cơ cấu cho chính quyền ""QGVN,"" lo việc tổ chức lại bộ máy hành chính VN độc lập để thay bộ máy hành chính thuộc địa được áp đặt lên VN từ 1862-1954. Ông tham gia vào quy trình chấp nhận ""cờ vàng ba sọc đỏ"" và cơ cấu mới cho QGVN. Việc gây dựng cơ cấu, nền hành chính quốc gia gồm việc tiếp thu các cơ sở hành chính từ tay người Pháp – sáp nhập hành chính thuộc địa (Công vụ, Y tế, Giao thông, Tư Pháp, vv.) dưới thời Pháp và xây dựng cơ sở cho một nền hành chính của một quốc gia độc lập. 
Cũng trong năm 1947 ông đi Pháp và Thụy Sĩ với Quốc trưởng Bảo Đại để thương thuyết với cao ủy Bollaert.
Từ ngày 1/6/1948 ông tham gia vào chính phủ Trung ương Lâm thời - Nguyễn Văn Xuân với tư cách Thứ trưởng Phủ Thủ tướng. Đây là một giai đoạn gay go trong cuộc thương thuyết Pháp – Việt. Ông là thành viên đại diện cho miền Trung ký kết Thỏa ước Hạ Long. Chức vụ của ông trong chính phủ vào thời gian này có tính cách tổng hợp, chỉnh đốn việc điều hành guồng máy chính phủ còn mới mẻ trong giai đoạn chuyển tiếp, đồng thời giúp việc quản lý guồng máy trong một hoàn cảnh lâm thời chuyển đổi mau chóng đầy bất trắc, cố gắng sáp nhập Nam kỳ lúc đó là một thuộc địa của Pháp vào QGVN.
Ông từ chức Thứ trưởng vào ngày 4/1/1949 để phản đối việc ""thiếu hợp tác"" của Pháp trong việc chuyển giao các cơ quan hành chính cho QGVN. Ông là thành viên phái đoàn điều đình với Pháp [từ ngày 12/2/1949 đến ngày 28/2/1949] dẫn đến Hiệp ước Elysée 8/3/1949. Hiệp ước Elysée xóa bỏ Hiệp ước Patenôtre và chấp nhận việc sáp nhập Nam kỳ vào QGVN vào ngày 14/6/1949 một cách ""ôn hòa.""
Chính phủ của Quốc trưởng Bảo Đại (1/7/1949 – 20/1/1950) có sáu tháng thành lập Quốc gia Việt Nam, tiếp tục thương thuyết với Pháp về việc dành độc lập. Trong thời gian này, chính phủ ban hành công dụ 1/7/1949 về ""Tổ chức công quyền"" và ""Quy chế công sở"". Nhiều nước và tổ chức quốc tế đã công nhận VN. 
Từ 21/1/1950 – 6/5/1950 (3 tháng 15 ngày) ông tham gia vào Chính phủ Nguyễn Phan Long với tư cách ""Bộ trưởng Phủ Thủ tướng."" Nội các Nguyễn Phan Long gặp nhiều khó khăn từ nhiều phía kể cả Pháp và không đứng được lâu. 
Trong nội các thứ nhất của Chính phủ Trần Văn Hữu (6/5/1950 -21/2/1951- 9 tháng 10 ngày) ông là Bộ trưởng Công vụ đầu tiên của QGVN. Trong cương vị này ông tham gia xây dựng, củng cố nền hành chính QGVN bắt đầu từ 1948 qua việc tiếp nhận các cơ sở của Pháp, tổ chức guồng máy công quyền, sáp nhập công vụ VN, sáp nhập công vụ thuộc địa Nam kỳ vào một nền công vụ quốc gia VN. Qua nhiều chức vụ ông đã tham gia vào việc xây dựng, củng cố và thông qua các Luật, Sắc lệnh, vv. Xây dựng cơ cấu hành chính cơ bản cho QGVN như: - Quy chế công chức (14/7/1950), Quy chế Nghiệp đoàn (16/1/1952), Hội đồng Đô thành (27/12/52), v.v. Và ngạch Thẩm phán được thiết lập theo Sắc lệnh số 10/TP. Ông cũng đóng góp vào việc sáp nhập ngành Y tế thuộc địa để gây dựng nên nền Y tế Việt Nam, củng cố việc đào tạo nhân sự và xây dựng thêm một số cơ sở như nhà thương Nhi đồng tại Sài Gòn, v.v...
Trong nội các thứ hai của chính phủ Trần Văn Hữu (21/2/1951-7/3/1952 - 12 tháng 14 ngày) ông tham gia với tư cách bộ trưởng Ngân sách nhưng lại phụ trách Bộ Công vụ. Việc này đã giúp củng cố nền hành chính và công vụ của QGVN.
Trong nội các thứ ba của Chính phủ Trần Văn Hữu (7/3/1952 – 26/6/1952 – trên hai tháng) ông tham gia với tư cách bộ trưởng Phủ Thủ tướng.
Tại Hà nội ông thay mặt chính phủ tiếp thu lại ""thanh kiếm và chiếc ấn của vua Bảo đại"" vốn đã được giao cho đại diện Việt Minh tại Huế năm 1945 khi cựu hoàng thoái vị và được Pháp tìm lại.
Sau đó, dưới thời nội các Nguyễn Văn Tâm, ông trở về làm việc tại Tòa Thượng Thẩm Sài Gòn với tư cách thẩm phán.
Ngày 17/1/1954 ông nhận chức Bộ trưởng Nội vụ trong Nội các Chính phủ Bửu Lộc (11/1/1954 - 7/7/1954). Đây là thời kỳ có nhiều khó khăn vì đang có Hội nghị quốc tế họp tại Genève bàn về đình chiến VN. Chính phủ Bửu Lộc chỉ kịp ký với Thủ tướng Laniel hai Hiệp ước: Hiệp ước Độc Lập và Hiệp ước Liên Kết trao ""hoàn toàn"" độc lập cho chính phủ QGVN (4/6/1954). Sau khi phản đối Hội nghị Genève, chính phủ Bửu Lộc từ chức, trao quyền cho Chính phủ Ngô Đình Diệm.
""Chính phủ Bửu Lộc. Ông Đinh Xuân Quảng đứng hàng thứ 2, thứ 4 từ bên phải.""
Trong thời gian tháng 7-1949 đến tháng 7-1954, Quốc gia Việt Nam đã có 8 chính phủ với 5 Thủ tướng. Trong thời gian này ông Đinh Xuân Quảng đã tham gia năm chính phủ vì ""khả năng chuyên môn, biết việc, không tai tiếng"".
Sau khi Hiệp định Genève 1954 chia đôi Việt Nam, ông trở về với ngành Tư pháp làm Thẩm phán cho Tòa Thượng Thẩm Sài Gòn và cũng là thành viên Tòa Phá Án Sài Gòn.
Trong thời gian 1955-1956, ông không hợp tác với chính phủ Ngô Đình Diệm vì đã biết ông Diệm từ lúc ở Hong Kong và sớm nhận ra sự sa lầy của chế độ gia đình trị của ông Ngô Đình Diệm. Ông bị ""ám sát hụt"" và phải đi lẩn tránh trong một thời gian. Ông thuộc phe đối lập ""quốc gia"" tranh đấu cho một VN dân chủ và không cộng sản. Trong giai đoạn này, ông cũng viết cho nhiều báo chí tại miền Nam, đặc biệt là tờ ""Chính Luận"".
Vào tháng 11 năm 1960, sau vụ đảo chính hụt của một số sĩ quan, ông đã cho ông Phan Huy Đán trú ẩn trong nhà và kết quả là cả gia đình ông bị giam trong nhiều năm (riêng người con trai, Đinh Xuân Quân, vì còn đi học nên được thả sau 6 tháng). Ông và vợ ông cùng nhiều người khác đã phải ra Tòa án Quân sự Đặc biệt xử ngày 11/7/1963 về vụ này.
Đệ Nhị Cộng Hòa.
Thời kỳ sau Đệ Nhất Cộng Hòa là thời kỳ hỗn loạn tại Miền Nam, sự sống còn của Miền Nam bị đe dọa và chiến tranh lên cao với sự tham gia đông đảo của quân đội Mỹ vào VN.
Trong thời gian 1964 đến 1966, ông Đinh Xuân Quảng không tham chính. Ngày 9/9/1966 ông ra tranh cử vào Quốc hội Lập Hiến để thành lập Hiến pháp (HP) Đệ Nhị Cộng Hòa.
Là luật gia và là một trong ba thành viên của Quốc hội Lập Hiến có đào tạo về luật, ông đã đóng góp tích cực trong việc xây dựng Hiến pháp Đệ Nhị Cộng Hòa. Sau khi ông Phan Khắc Sửu từ chức, ông đứng ra làm chủ tịch QH lập hiến và mở ra một trang mới cho Đệ Nhị Cộng Hòa. 3/4/1967 HP được công bố và sau đó cuộc bầu cử Tổng thống được tổ chức.
Ông từ trần ngày 17 tháng 2 năm 1971 tại Sài Gòn, sau một thời gian bị bệnh, thọ 62 tuổi.

"
13,Nguồn gốc của cá vàng?,"Cá vàng

Cá vàng (hay cá Tàu, cá ba đuôi, cá vàng ba đuôi) (danh pháp hai phần: Carassius auratus) là loài cá nước ngọt nhỏ thường được nuôi làm cảnh. Cá vàng là một trong những dòng cá được thuần hóa sớm nhất và ngày nay vẫn là một trong những loài cá cảnh phổ biến nhất cho cả bể cá trong nhà và hồ cá ngoài trời.
Nguồn gốc.
Cá vàng được thuần hóa từ loài cá giếc Phổ (""Carassius gibelio""), một loài cá diếc màu nâu xám sẫm bản địa của châu Á. Cá vàng được nhân giống theo màu lần đầu tiên tại Trung Quốc từ hơn 1000 năm trước. Do chọn giống, cá vàng đã phát triển thành nhiều giống khác nhau và hiện có nhiều màu sắc và hoa văn đa dạng, có hình dạng và kích thước khác nhiều do với giống cá diếc được thuần hóa ban đầu.
Đặc điểm.
Cá vàng là thành viên tương đối nhỏ của họ Cá chép, họ cá nước ngọt lớn nhất trên thế giới. Ngoài cá vàng, trong họ Cá chép còn có các thành viên nổi tiếng khác như cá tuế, cá lưới, cá chép, cá trắm đen, cá trắm cỏ và cá chép Koi v.v. Quá trình chọn giống qua nhiều thế kỷ đã tạo ra nhiều kiểu màu sắc khác nhau, một số khác xa với màu vàng của cá vàng nguyên gốc. Cá cũng có những hình dáng khác nhau và kiểu vây, đuôi, mắt khác nhau. Một số loại cá vàng ở các thái cực phải được nuôi trong bể kính trong nhà vì chúng yếu hơn các giống gần với giống tự nhiên ban đầu. Một số giống khác như cá vàng Shubunkin lại khỏe hơn và có thể sống trong hồ cá ngoài trời.
Cá vàng còn có thể thay đổi màu sắc theo phổ ánh sáng trong bể nuôi. Cá sống trong bể tối sẽ có màu nhạt hơn vào các buổi sáng và sẽ dần mất màu theo thời gian. Cá vàng có thể phát triển tới chiều dài khoảng 16 – 20 cm (6,3 - 7,87 inch). Tuy nhiên, hiếm có con cá vàng nào đạt được đến kích thước này. Trong điều kiện tối ưu, cá vàng có thể sống hơn 20 năm, nhưng đa số cá vàng nuôi tại nhà thường chỉ sống dưới 6 tới 8 năm do phải sống trong điều kiện sống không tối ưu (chẳng hạn phải sống trong bể thủy tinh tròn). Con cá vàng già nhất đã ghi chép lại sống tới 49 năm..
Con cá vàng dài nhất đo được là tính từ mũi đến đuôi tại Hapert, Hà Lan. Con cá vàng cảnh dài nhất đã đo được thuộc giống oranda có tên gọi là Bruce. Con cá này đo được ở Hồng Kông năm 2002.

"
14,Công ty Vissan có hoạt động kinh doanh chính trong ngành nghề nào?,"Công ty Vissan

Công ty VISSAN là một Doanh nghiệp Nhà nước trực thuộc Tổng Công ty Thương mại Sài Gòn (Satra), được xây dựng vào ngày 20-11-1970 và đi vào hoạt động sản xuất từ ngày 18-05-1974. Hoạt động của công ty chuyên về sản xuất kinh doanh thịt gia súc tươi sống, đông lạnh và các mặt hàng thực phẩm chế biến từ thịt.
Ngành nghề kinh doanh.
Hoạt động của công ty chuyên về sản xuất, chế biến và kinh doanh các sản phẩm thịt heo trâu bò, thịt gia cầm tươi sống và đông lạnh, hải sản, sản phẩm thịt nguội cao cấp sản phẩm xúc xích, sản phẩm chế biến, sản phẩm đóng hộp, trứng gà, vịt. Kinh doanh các mặt hàng công nghệ phẩm và tiêu dùng khác. Sản xuất kinh doanh heo giống, heo thịt, bò giống, bò thịt. Sản xuất, kinh doanh thức ăn gia súc. Dịch vụ kỹ thuật về chăn nuôi heo, bò. Kinh doanh ăn uống. Kinh doanh nước trái cây, lương thực chế biến. Sản xuất kinh doanh rau củ quả các loại, rau quả chế biến, các loại gia vị và hàng nông sản.
Thị trường.
Nội địa.
Các sản phẩm thịt heo, trâu bò tươi sống và đông lạnh, các sản phẩm chế biến từ thịt như thịt nguội cao cấp, xúc xích tiệt trùng, thực phẩm đóng hộp, các sản phẩm chế biến, sản phẩm rau củ quả là mặt hàng bán trong nội địa chủ yếu.

"
15,Tên thật của nam ca sĩ The Weeknd là gì?,"The Weeknd

Abel Makkonen Tesfaye (sinh ngày 16 tháng 2 năm 1990), thường được biết đến với nghệ danh là The Weeknd, là nam ca sĩ, nhạc sĩ, nhà sản xuất thu âm người Canada. Anh sinh ra tại thành phố Toronto và lớn lên ở Scarborough. Tesfaye bắt đầu sáng tác âm nhạc vào năm 2009 bằng cách đăng tải một cách vô danh bài hát ""Do It"" lên trang mạng YouTube. Vào cuối năm 2010, một số bài hát của Tesfaye được tải lên YouTube dưới cái tên ""The Weeknd"". Anh đã phát hành ba bản mix (9 track) trong suốt năm 2011: House of Balloons, Thursday and Echoes of Silence và được giới chuyên môn đánh giá cao. Trong năm kế tiếp, anh phát hành một album tổng hợp mang tên Trilogy, bao gồm các bản mix trước đó đã được chỉnh sửa và ba bài hát mới thêm vào. Hãng Republic Records và XO đã phát hành độc quyền album này. Album thứ hai của Tesfaye, Beauty Behind the Madness trở thành album đầu tiên đạt vị trí quán quân trên bảng xếp hạng Billboard 200, với tốp 5 đĩa đơn chính bao gồm: ""Earned It"", ""The Hills"" và single số một ""Can't Feel My Face"". Cả ba bài hát trên đều lần lượt giữ cả ba vị trí dẫn đầu của Bảng xếp hạng Billboard Hot R&amp;B, khiến Tesfaye trở thành người đầu tiên trong lịch sử đạt được thành tích này.
Album thứ ba của Tesfaye ""Starboy"" (2016) cũng thành công tương tự như album trước với đĩa đơn trùng tên đạt vị trí quán quân bảng xếp hạng, đạt được giải thưởng Album Thành thị Đương đại Xuất sắc nhất tại lễ trao giải Grammy Awards năm 2018. Album thứ tư của Tesfaye, ""After Hours"" (2020) đem lại cho anh những đĩa đơn ở vị trí quán quân bảng xếp hạng ""Billboard"" Hot 100 ""Heartless"", ""Save Your Tears"", và ""Blinding Lights"". Bài hát ""Blinding Lights"" lần đầu tiên trong lịch sử bảng xếp hạng này dành đến hơn một năm nằm trong top 10, và là bài hát được phát nhiều nhất trên nền tảng Spotify năm 2020.
The Weeknd cũng nhận được nhiều lời khen ngợi từ một số ấn phẩm âm nhạc như Pitchfork, MTV, BET, Rolling Stone, XXL và The Source.
Thời thơ ấu.
Abel Makkonen Tesfaye sinh ngày 16 tháng 2 năm 1990 tại thành phố Toronto, Ontario. Ba mẹ anh Makkonen and Samra Tesfaye là người Ethiopia nhập cư và lớn lên tại Scarborough, Toronto. Anh là con một duy nhất trong nhà, mẹ anh làm nhiều việc để nuôi gia đình, bao gồm làm y tá và phân phát thức ăn cũng như mỗi tối đi học tiếng Anh bổ túc. Sau khi ba mẹ anh chia tay, anh được bà nội và mẹ ruột nuôi dưỡng. Trong khoảng thời gian sống với bà, anh học tiếng Amharic, ngôn ngữ của mẹ anh. Anh từng nhiều lần tham gia hoạt động đền thờ Ethiopian Orthodox Tewahedo Church. Anh kể lại người ba của mình rằng, ""Tôi mơ hồ gặp ba tôi khi tôi còn sáu tuổi, và những lần tiếp theo nữa lúc tôi lên 11 và 12 tuổi, ba của tôi đã có gia đình và đứa con mới. Tôi còn không biết được ba tôi sống ở đâu, tôi chỉ được gặp ba tôi cỡ đúng một đêm. Tôi tin chắc ba là một người đàn ông tuyệt vời. Tôi không bao giờ phán quyết ba tôi. Ba không hề lạm dụng chất nghiện, không hề nghiện rượu, không phải là một tên khốn nạn. Chỉ là ba không thể ở bên mẹ con tôi.""
Tesfaye mô tả quãng thời gian niên thiếu của mình trong bộ phim """"Kids"" without the AIDS."" Anh kể lại anh từng nghiện marijuana năm 11 tuổi, sau này sử dụng thuốc lắc, oxycodone, xanax, ma tuý, psilocybin, và ketamin. Anh thú nhận mình thường hay ăn trộm vặt ở siêu thị để ra ngoài bán kiếm tiền mua ma tuý sử dụng. Anh theo học tại trường West Hill Collegiate Institute và Birchmount Park Collegiate Institute ở Scarborough. Năm 2007, anh bỏ học và di cư sang Parkdale, Toronto, Abel giải thích nghệ danh của mình lấy cảm hứng từ việc bỏ học, cho biết ""bỏ ra đi vào ngày cuối tuần và không bao giờ trở về nữa"", mặc dù nhà sản xuất Jeremy Rose nói rằng nghệ danh đó là do anh nghĩ ra. Tuy nhiên nghệ danh lại được lược bỏ nhằm tránh đụng bản quyền với ban nhạc Canada tên The Weekend.
Sự nghiệp.
2009–2011: Khởi nghiệp.
Vào khoảng tháng 8 năm 2009, Tesfaye đăng tải bài hát ""Do It"" lên nền tảng YouTube dưới tên tài khoản ""AbelOfficial"". Sang năm tiếp theo, Tesfaye gặp gỡ nhà sản xuất âm nhạc Jeremy Rose, người đang có tham vọng cho dự án âm nhạc R&amp;B đương đại lúc bấy giờ. Lúc ban đầu sau khi tung ý tưởng cho nhạc sĩ Curtis Santiago, Rose đồng ý làm nhạc cho Tesfaye, anh ban đầu tham gia thể loại nhạc rap freestyle quãng thời gian đầu nhưng sau này quay lại thể loại R&amp;B. Cả hai hợp tác làm album phòng thu, Rose hoà âm và phối khí ba bài hát cho anh – ""What You Need"", ""Loft Music"", và ""The Morning"" – Tesfaye có nhiệm vụ là thu âm ca khúc lại, đến cuối cùng thì đem huỷ bỏ. Rose tặng lại cho Tesfaye lại ca khúc mà chính anh sáng tác với điều kiện là tên của anh phải được credit lại. Vào tháng 12 năm 2010, Tesfaye đồng ý đăng tải lại miễn phí ba bài hát ""What You Need"", ""Loft Music"" và ""The Morning"" lên YouTube dưới một cái tên khác nữa là ""xoxxxoooxo"", chính kênh này về sau đổi lại thành ""the Weeknd"". Lúc đó danh tính của anh vẫn còn mịt mờ với công chúng. Bài hát thu hút sự chú ý từ cư dân mạng, và được nam rapper cùng thời vừa nổi tiếng Drake quảng bá trên một bài đăng blog. Các bài hát mau chóng phủ sóng trên khắp mặt báo, bao gồm tờ tạp chí ""Pitchfork"" và ""The New York Times"". Trước khi phát sinh cái tên nghệ danh the Weeknd, anh sử dụng biệt danh của the Noise và Kin Kane. Khi Tesfaye lần đầu tự sáng tác nhạc, anh gia nhập American Apparel. Bởi vì vấn đề danh tính còn bí mật, những người làm chung của anh chỉ được nghe nhạc mà không hay biết rằng là của anh.
Vào năm 2011, Tesfaye kí hợp đồng với đối tác độc quyền âm nhạc Sal Slaiby và Amir Esmailian, rồi sáng lập ra hãng thu XO Records. Vào 21 tháng 3 năm 2011, XO Records phát hành đĩa album phòng thu đầu tiên của anh có tên là ""House of Balloons"". Đĩa nhạc này bao gồm phần sản xuất của Illangelo và Doc McKinney, và bao gồm cả phần sản xuất trước đó của Rose cho dù anh không nhận bất cứ credit nào cho sáng tác này. ""House of Balloons"" nhận được lời khen từ giới phê bình. Nó được xướng tên vào mười đề cử của giải Polaris Music năm 2011.
Một trong số những màn trình diễn đầu tiên của anh là tại hội thảo học sinh da đen tại đại học University of Toronto vào tháng 4 năm 2011.
Vào tháng 7 năm 2011, Tesfaye đi lưu diễn tại Toronto, màn trực tiếp công khai của anh đầu tiên là tại Mod Club Theatre kéo dài đến gần 90 phút và Drake có mặt ở đây để xem màn trình diễn này. Tại đây, Drake ngỏ ý hợp tác với Tesfaye. Tesfaye đã đồng ý và tham gia phần mở đầu cho các show diễn của Drake tại Molson Canadian Amphitheatre, và tại hội OVO Fest thường niên vào tháng 7 năm 2011. Vào mùa hè năm 2011, Tesfaye đóng góp phần sáng tác của mình cho bốn bài hát của Drake ở album phòng thu ""Take Care"", vừa là nhạc sĩ vừa là ca sĩ hợp tác cho bài hát ""Crew Love"".
Tesfaye tự nhận mình là một người rất hạn chế tham gia phỏng vấn trực tiếp, anh chỉ chọn liên lạc qua đường Twitter, bởi vì tính cách của anh là rụt rè và hướng nội. Cho đến thời điểm hiện tại, Tesfaye cực kì ít có mặt tại các buổi phỏng vấn, chỉ đồng ý nói chuyện vào những dịp rất quan trọng.
Bản thu thứ ba của Tesfaye, ""Echoes of Silence"", ra mắt vào ngày 21 tháng 12 năm 2011, một năm sau khi debut chính thức.. Noise EP gồm có mười bài hát cũng được phát hành miễn phí trên mạng xã hội vào thời điểm này, trước khi anh chính thức đi vào album phòng thu đầu tiên. Vào ngày 31 tháng 10 năm 2012, Tesfaye đăng tải lên Twitter rằng ""Noise EP thực chất là một chuỗi bài hát bị rò rỉ từ nhà hợp tác cũ, người ta bên ngoài phát hiện AFTER HOB bị bỏ đó. Bản viết nháp demo thực ra là hồi còn teen để ghi chú ý thôi mà. xo.""
2012-2014: ""Trilogy"" và ""Kiss Land"".
Vào tháng 4 năm 2012, Tesfaye bắt đầu tour lưu diễn quốc tế đầu tiên của anh, gồm cả buổi biểu diễn tại Coachella, những show diễn bán sạch vé tại Bowery Ballroom ở thành phố New York Hoa Kỳ. Phần trình diễn của anh nhận được đánh giá tích cực đến từ tạp chí ""Rolling Stone"". Tesfaye còn tham gia nhiều lễ hội âm nhạc Châu Âu, gồm Primavera Sound tại Tây Ban Nha và Bồ Đào Nha, và lễ hội Wireless Festival tại Vương Quốc Anh. Vào tháng 9, Tesfaye ký hợp đồng hãng đĩa Republic Records, và XO trở thành hãng thu con của anh.
Vào ngày 13 tháng 11 năm 2012, Tesfaye phát hành album phòng thu kết hợp ""Trilogy"" gồm nhiều ca khúc được remix và làm lại từ bản thu năm 2011 của anh, kèm theo ba bài hát mới. Album ghi nhận Rose là nhà sản xuất và nhà sáng tác cho ba bài hát từ ""House of Balloons"", ở album trước đó thì ông không được chính thức ghi nhận. ""Trilogy"" ra mắt ở hạng tư ở bảng xếp hạng ""Billboard"" 200 trong tuần đầu bán được 86 nghìn bản. Album này còn ra mắt ở vị trí thứ năm tại Canadian Albums Chart, cùng lượng doanh số trên. Album về sau nhận được chứng nhận bạch kim đến từ Hiệp hội Công nghiệp Ghi âm Hoa Kỳ (RIAA) và bạch kim x2 bởi Music Canada. Album gặt hái được cho Tesfaye một đề cử hạng mục bình chọn Sound of 2013 của BBC.
Vào ngày 17 tháng 5 năm 2013, Tesfaye phát hành bài hát tiêu đề cho album phòng thu debut ""Kiss Land"", và ấn định ngày ra mắt album là ngày 10 tháng 9. Sau khi được phát hành, album ra mắt ở vị trí á quân tại bảng xếp hạng ""Billboard"" 200, với doanh số tiêu thụ là 96 nghìn bản, và nhìn chung đều được các chuyên gia âm nhạc đánh gia cao. Album về sau được các đĩa đơn quảng bá kèm ""Belong to the World"", ""Love in the Sky"" và ""Live For"" kết hợp cùng với Drake. Tesfaye thực hiện chuyến lưu diễn từ 6 tháng 9 đến 25 tháng 10. Tính đến tháng 8 năm 2015, album được tiêu thụ tổng cộng 273 nghìn bản tại Hoa Kỳ. Vào 10 tháng 8 năm 2020, gần bảy năm sau được phát hành, ""Kiss Land"" đặt chân lên vị trí đầu bảng ở BXH iTunes R&amp;B.
Vào tháng 11 năm 2013, Tesfaye tham gia mở màn cho nam ca sĩ Justin Timberlake tại chuyến lưu diễn The 20/20 Experience World Tour. Sau đó, anh tham gia đóng góp cho """" (2013), sáng tác ""Devil May Cry"" và single chủ đề thứ hai của series ""Elastic Heart"" cho Sia và Diplo.
Vào tháng 2 năm 2014, Tesfaye tham gia phối nhạc đĩa đơn ""Drunk in Love"" của Beyoncé đến từ phòng thu cùng tên nghệ danh. Giữ lại chủ đề và ý tưởng của bài hát, anh trình bày nội dung qua góc nhìn của một nam giới. Vào 25 tháng 8, Tesfaye kết hợp với Ariana Grande trong bài hát ""Love Me Harder"" nằm ở album phòng thu thứ hai của cô, ""My Everything"". Bài hát được phát hành vào ngày 30 tháng 9 dưới dạng đĩa đơn thứ tư của album, đạt ở vị trí thứ bảy trên BXH ""Billboard"" Hot 100.
Tour lưu diễn quảng bá đầu tiên của Tesfaye King of the Fall Tour được biểu diễn khắp nước Mỹ trong tháng 9 và tháng 10 năm 2014, tour này nhận được hỗ trợ từ Schoolboy Q và Jhené Aiko. Kéo theo tour diễn, hai bài hát ""Often"" và ""King of the Fall"" được phát hành. Nhiều người dự đoán đây chính là những single mở đầu cho album phòng thu thứ hai sắp tới của anh, ""Beauty Behind the Madness"" (2015). Vào 23 tháng 12, Tesfaye ra mắt ""Earned It"" nằm trong của bộ phim ""Năm mươi Sắc Thái"" (2015). Bài hát đạt vị trí thứ ba trên BXH ""Billboard"" Hot 100, mang lại cho Tesfaye đề cử đầu tiên của giải thưởng Giải Oscar ở hạng mục Best Original Song. Bài hát đoạt giải Best R&amp;B Performance và được đề cử ở Best R&amp;B Song và Best Song Written for Visual Media ở lễ trao giải Giải Grammy lần thứ 58.
2015–2017: ""Beauty Behind the Madness"" và ""Starboy"".
Vào ngày 27 tháng 5 năm 2015, Tesfaye phát hành đĩa đơn thứ hai từ ""Beauty Behind the Madness"", ""The Hills"". Đĩa đơn ra mắt ở vị trí thứ hai mươi trên BXH ""Billboard"" Hot 100, và đạt ở vị trí quán quân, trở thành đĩa đơn thứ hai của Tesfaye đạt được vị trí này (sau ""Can't Feel My Face""). Vào tháng 6 năm 2019, ""The Hills"" được chứng nhận kim cương từ RIAA, trở thành đĩa đơn đầu tiên của Tesfaye được chứng nhận này.
Vào tháng 6 năm 2015, sau khi giành giải thưởng Centric Award tại lễ trao giải BET Awards, Tesfaye biểu diễn ""Earned It"" cùng với Alicia Keys. Vào ngày 8 tháng 6, anh phát hành ca khúc mới ""Can't Feel My Face"" làm đĩa đơn thứ ba của album. Ca khúc trước đó bị rò rỉ vào tháng 5 nhưng được phát hành làm ngay sau phần trình diễn của Tesfaye ở Apple Worldwide Developers Conference. Đĩa đơn thứ ba ra mắt ở vị trí thứ hai mươi tư trên BXH ""Billboard"" Hot 100, và đạt vị trí quán quân, trở thành ca khúc đầu tiên của anh đạt được vị trí này trước cả đĩa đơn thứ hai ""The Hills"", đồng thời là ca khúc top 10 thứ ba trong sự nghiệp của Tesfaye ở Hoa Kỳ. Ca khúc được đề cử thu âm của năm và trình diễn pop solo xuất sắc nhất tại lễ trao giải Grammy lần thứ 58. Tesfaye được vinh danh là nghệ sĩ đầu tiên dành ngôi quán quân ở cả ba bảng xếp hạng Hot R&amp;B/Hip-Hop Songs của ""Billboard"" tại cùng một thời điểm. Anh cũng được công bố là một trong những gương mặt đại diện âm nhạc của dịch vụ phát trực tuyến Apple Music, cùng với Drake. Tại lễ trao giải 2015 MTV Video Music Awards, Apple ra mắt đoạn phim quảng cáo gồm hai phần có sự góp mặt của Tesfaye, và sự xuất hiện đặc biệt từ John Travolta. Vào tháng 7, Tesfaye tiên phong biểu diễn tại lễ hội FVDED in the Park tại Surrey, British Columbia. Vào 29 tháng 6, Tesfaye góp mặt trong album phòng thu thứ hai của Meek Mill, ""Dreams Worth More Than Money"" (2015), trong ca khúc ""Pullin' Up"".
Album phòng thu thứ hai của Tesfaye ""Beauty Behind the Madness"" được phát hành vào ngày 28 tháng 8 năm 2015, ra mắt ở vị trí số một tại BXH ""Billboard"" 200, tiêu thụ được 412.000 đơn vị trong tuần đầu. Album leo lên vị trí top 10 tại mười quốc gia, trong đó đạt được vị trí quán quân tại các nước Canada, Úc, Norway, và Vương Quốc Anh. Album được Tesfaye quảng bá rầm rộ trong nhiều lễ hội âm nhạc mùa hè, gồm Lollapalooza, Hard Summer Music Festival, và lễ hội Bumbershoot. Anh tiến hành chuyến lưu diễn The Madness Fall Tour đầu tiên rộng khắp Hoa Kỳ, bắt đầu từ tháng 11 và kết thúc vào tháng 12. Album đã được chứng nhận đĩa bạch kim kép tại Hoa Kỳ và bán được 1,5 triệu bản trên toàn thế giới. Đây là album được phát trực tuyến nhiều nhất trong năm 2015, với hơn 60 triệu lượt phát trực tiếp, và được xếp hạng trên nhiều danh sách album của năm. Ba đĩa đơn trước phát hành album đã được chứng nhận bạch kim tại Hoa Kỳ. Album thắng giải album Urban Contemporary xuất sắc nhất và được đề cử album của năm tại lễ trao giải Grammy lần thứ 58.
Vào ngày 4 tháng 9 năm 2015, Tesfaye góp mặt vào album đầu tay của Travis Scott, ""Rodeo"", ở ca khúc ""Pray 4 Love"". Vào ngày 10 tháng 10, Tesfaye xuất hiện tại ""Saturday Night Live"" cùng với nữ diễn viên Amy Schumer, trình diễn với vai trò khách mời âm nhạc của chương trình. Đây là trình diễn đầu tiên của anh với vai trò nghệ sĩ solo, sau khi cùng Ariana Grande biểu diễn ""Love Me Harder"". Vào ngày 18 tháng 12, Tesfaye góp giọng cho đĩa đơn của Belly, ""Might Not"" ở tập thu thứ tám, ""Up For Days"".
Vào ngày 14 tháng 2 năm 2016, Tesfaye góp giọng trong album phòng thu thứ bảy của Kanye West, ""The Life of Pablo"" ở bài hát ""FML"". Đây là lần thứ hai hai người hợp tác chung, trước đó West tham gia sáng tác và sản xuất đĩa đơn ""Tell Your Friends"" của Tesfaye nằm trong album ""Beauty Behind the Madness"". Vào ngày 1 tháng 3, Tesfaye góp giọng cho đĩa đơn của Future, ""Low Life"" nằm trong album ""Evol"". Vào ngày 23 tháng 4, anh xuất hiện trong album thứ sáu của Beyoncé, ""Lemonade"" ở ca khúc ""6 Inch"". Vào ngày 26 tháng 8, Tesfaye hợp tác với Cashmere Cat trong ca khúc ""Wild Love"" cùng Francis and the Lights, đây là đĩa đơn dẫn đường cho album phòng thu đầu tay của Cashmere Cat, ""9"" (2017).
Vào tháng 9 năm 2016, Tesfaye công bố album phòng thu thứ ba của anh, ""Starboy"", sẽ ra mắt vào ngày 25 tháng 11 và lần này có sự hợp tác với nhà soạn nhạc điện tử người Pháp Daft Punk. Anh phát hành bài hát cùng tên, hợp tác với Daft Punk vào 21 tháng 9. Bài hát ra mắt ở vị trí thứ 40 tại BXH ""Billboard"" Hot 100, và giành được vị trí quán quân, trở thành đĩa đơn số một thứ ba của Tesfaye ở BXH này. Tính đến tháng 3 năm 2020, bài hát được chứng nhận bạch kim 8× từ RIAA. Màn hợp tác thứ hai của họ, ""I Feel It Coming"" ra mắt vào ngày 24 tháng 11 và đạt vị trí thứ tư tại ""Billboard"" Hot 100. Vào ngày 1 tháng 10, Tesfaye lần thứ hai xuất hiện tại ""Saturday Night Live"" dưới vai trò là khách mời cùng với nữ diễn viên Margot Robbie. Trong chương trình, anh biểu diễn ""Starboy"" và ""False Alarm"". Vào ngày 23 tháng 11, anh phát hành phim ngắn ""M A N I A"" được đạo diễn bởi Grant Singer, trích một số bài hát trong album, gồm ""All I Know"" có sự góp giọng của Future, ""Sidewalks"" hợp tác với Kendrick Lamar, ""Secrets"" và ""Die for You"". Sau khi được phát hành, album đạt được vị trí quán quân tại""Billboard"" 200 với 348 nghìn đơn vị tiêu thụ, trở thành album thứ hai quán quân liên tiếp của Tesfaye. Tính đến tháng 1 năm 2019, album được chứng nhận 3x bạch kim bởi RIAA. Album đoạt giải Album Urban Contemporary xuất sắc nhất tại lễ trao giải Grammy lần thứ 60, đánh dấu lần thứ hai của Tesfaye chiến thắng ở hạng mục này.
Vào ngày 15 tháng 2 năm 2017, Tesfaye hợp tác với đĩa đơn đầu tay của Nav ""Some Way"", cũng là đĩa đơn mở đầu cho mixtape cùng tên nghệ danh. Vào ngày 24 tháng 2, anh xuất hiện trong album phòng thu thứ sáu của ""Hndrxx"", ở ca khúc ""Comin Out Strong"". Vào ngày 19 tháng 4, Tesfaye xuất hiện ở album và single thứ hai cùng tên với nhau của Lana Del Rey, Lust for Life. Vào ngày 15 tháng 8, anh hợp tác với French Montana ở ca khúc ""A Lie"", đĩa đơn thứ ba từ album phòng thu thứ hai ""Jungle Rules"". Sau đó, anh xuất hiện trong video âm nhạc do Virgil Abloh làm đạo diễn cho ca khúc ""XO Tour Llif3"" của Lil Uzi Vert cùng với Nav. Cuối cùng, anh góp mặt trong album đầu tay của Lil Uzi Vert, ""Luv Is Rage 2"" ở ca khúc ""UnFazed"" và album phòng thu thứ mười một của Gucci Mane, ""Mr. Davis"" ở ca khúc ""Curve"".
2018-2020: ""My Dear Melancholy"" và ""After Hours"".
Ngày 31/1/2018, Top Dawg Entertainment tiết lộ bản list nhạc đầy đủ cho bộ phim Black Panther của Kendrick Lamar hợp tác với Abel ca khúc ""Pray for Me"". Ngày 2/2/2018, ca khúc được phát hành đánh dấu lần hợp tác thứ hai của cả hai sau ca khúc ""Sidewalks"" trong album Starboy.
Vào ngày 27/3/2018, Abel bắt đầu quảng bá album mới trên trang Instagram của mình. Ngày 29/3/2018, album mới của Abel được tiết lộ bằng bảng hiệu lớn ở London album có tự đề My Dear Melancholy cùng ngày hôm đó album cũng được công bố rộng rãi. Ngày 30/3/2018, phiên bản mở rộng của My Dear Melancholy cũng được công bố. Tháng 5/2018, Abel thông báo sẽ cho ra mắt phần tiếp the của My Dear Melancholy tên We're Alone Together và nói rằng đây là phần thuộc 3 phần của album.
Nghệ thuật.
Abel nói rằng Michael Jackson, Prince và R. Kelly là nguồn cảm hứng cho âm nhạc của mình. Anh cũng xem Michael Jackson là cảm hứng chính trong sự nghiệp âm nhạc của mình theo ca khúc ""Dirty Diana"" là một ví dụ. Anh cũng nói rằng giọng hát cao thé cũng mình là bị ảnh hưởng từ ca sĩ Aster Aweke. Anh nghe rất nhiều thể loại âm nhạc khác nhau bao gồm nhạc soul, quiet storm, hip-hop, funk, indie rock và post-punk.
Hầu hết các bài hát của Abel được sản xuất với phong cách nhạc tempo chậm rãi, bass nặng và nhiều âm hưởng vang. Abel nói rằng phong cách của mình bị ảnh hưởng từ Michael Jackson rất nhiều. Cũng như khơi gợi rất nhiều trí tò mò từ các nhà phê bình âm nhạc, anh chủ yếu hợp tác với nhà sản xuất nhạc Illangelo và Doc McKinney.
Lời ca khúc đơn giản nhưng sâu lắng của anh thường có chủ đề về việc tổn thương cũng như đương đầu với những vấn đề như tình dục, thuốc phiên và tiệc tùng. Paul MacInnes của tờ The Guardian cũng cho rằng bộ ba EP của anh là ""về lúc tiệc tùng, tới sau buổi tiệc và buổi sáng hôm sau"".
Abel cũng quảng bá rộng rãi các phong cách nhạc khác nhau và xem đó là nguồn cảm hứng cho âm nhạc của mình. Trong lúc làm album Starboy, Abel nói rằng David Bowie, Prince, The Smiths, Bad Brains, Talking Heads, DeBarge, 50 Cent, The Wu-Tang Clan và Eminem là nguồn cảm hứng cho album Starboy.
Những dự án khác.
Trong suốt tour lưu diễn vòng quanh nước Mỹ của mình quảng bá cho Kiss Land, Abel hợp tác với hãng sản xuất bao cao su ONE phát tặng miễn phí phiên bản đặc biệt giới hạn ở những buổi biểu diễn của mình. Vỏ bao cao su in hình album cùng với hình đại diện Oxcy được in mặt còn lại.
Tháng 11/2015, để quảng bá tích cực cho Beauty Behind the Madness, anh hợp tác với PAX Labs cho ra đời thuốc lá điện tử PAX 2 được phép sử dụng ở các buổi biểu diễn của mình. Nhãn hiệu ""XO"" được in trên thân cũng như phát bài ""The Hills"" mỗi khi mở để sử dụng. Với giá 279 đô Mỹ cho bản bình thường thì bản giới hạn có giá 324 đô Mỹ. PAX cũng là nhà tài trợ cho tour lưu diễn và logo được đặt ở vị trí VIP. CMO của PAX là Richard Murphy cho biết ""Âm nhạc và thời trang luôn đi song song với nhau ở PAX. Đây là cơ hội tuyệt vời để đưa phong cách của The Weeknd hợp nhất với công nghệ của chúng tôi"".
Năm 2016, Abel thông báo về việc hợp tác với Puma với tư cách là đại sứ thương hiệu cho chiến dịch ""Run the Streets"" được ra mắt vào đầu tháng 11 với bộ sưu tập đặc biệt được ra mắt cùng thời điểm với album Starboy. Anh cũng dẫn chương trình khai trương một số cửa hàng pop-up cho bộ sưu tập ""Starboy: Limited Capsule"" được bày bán ở thị trường Bắc Mỹ bao gồm New York, Los Angeles, và Toronto. Với sự hợp tác này, Abel cũng cho ra mắt 3 bộ sưu tập tên PUMA X XO bao gồm áo thun, nón, quần nỉ, áo bomber và giày tên the Parallels.

"
16,Hải đăng Sunosaki được xuất hiện trong video ca nhạc của nhóm nhạc nào?,"Billboard Japan

Billboard Japan là tổ chức chị em của tạp chí âm nhạc ""Billboard"" tại Hoa Kỳ. Tổ chức được điều hành bởi công ty Hanshin Contents Link (một chi nhánh của Hanshin Electric Railway) có trụ sở tại Osaka, Nhật Bản, giữ giấy phép độc quyền từ công ty mẹ ""Billboard"" với tên thương hiệu Billboard tại Nhật Bản và quản lý trang web www.billboard-japan.com và một số câu lạc bộ âm nhạc mang nhãn hiệu ""Billboard Live"" được đặt tại quốc gia này.
Vào tháng 2 năm 2008, Hanshin Content Link theo giấy phép từ ""Billboard"", đã ra mắt ""Billboard Japan"" Hot 100. Tính đến năm 2016, danh sách các bảng xếp hạng biên soạn bởi ""Billboard Japan"" cũng bao gồm một bảng xếp hạng album mang tên ""Billboard Japan"" Hot Album, với doanh số chỉ dựa trên bảng xếp hạng Top Singles Sales, Album Sales, Top Jazz Albums Sales và Top Classical Album Sales, bảng xếp hạng phát sóng trên radio có tên Radio Song, bảng xếp hạng nhạc hoạt hình có tên Hot Animation và bảng xếp hạng cho các bài hát nước ngoài là Hot Overseas.
Kể từ năm 2010, ""Billboard Japan"" tổ chức lễ trao giải thường niên mang tên ""Billboard Japan"" Music Awards, vinh danh các nghệ sĩ, ở cả trong nước và ngoài nước đã đạt được kết quả tốt nhất trên bảng xếp hạng âm nhạc ""Billboard Japan"" trong năm vừa qua.

"
17,Video âm nhạc là gì?,"Video âm nhạc

Video âm nhạc (tiếng Anh: Music video hoặc MV) là một dạng phim ngắn hợp nhất bài hát và hình ảnh, được sản xuất với mục đích khuyến mại hoặc nghệ thuật. Cũng như các thể loại phim khác, một số video âm nhạc có thể chứa hình ảnh vi phạm pháp luật như khiêu dâm, bạo lực hoặc ngôn từ tục tĩu, vì vậy chúng bị buộc phải kiểm duyệt tại các hệ thống trình chiếu theo nhiều phương thức khác nhau.
Các video âm nhạc đương đại được thực hiện chính yếu và sử dụng như một công cụ quảng bá doanh số đĩa nhạc. Mặc cho được bắt nguồn từ lâu, video âm nhạc chỉ mới thịnh hành từ thập niên 1980, khi kênh truyền hình MTV được thành lập dựa trên thể loại này. Trước thập niên 1980, các tác phẩm này được mô tả bởi nhiều cụm từ như ""bài hát minh họa"", ""filmed insert"", ""phim quảng bá"", ""clip quảng bá"", ""video quảng bá"", ""video bài hát"", ""clip bài hát"" hoặc ""clip phim"".
Các video âm nhạc sử dụng đa dạng các phong cách kỹ thuật thực hiện video đương đại, bao gồm hoạt họa, phim do người thật đóng, phim tài liệu và các phương pháp không tường thuật như phim trừu tượng. Nhiều video âm nhạc diễn giải các hình ảnh và cảnh tượng từ lời nhạc, trong khi các video khác có phương pháp theo chủ đề hơn. Các video âm nhạc khác có thể được làm mà không có bối cảnh, được ghi hình từ màn trình diễn trực tiếp của bài hát.
Sau thời gian bùng nổ các kênh truyền hình âm nhạc như MTV hoặc VH1 vào thập niên 1980, các video âm nhạc cũng trở nên đa dạng và được phổ biến rộng rãi hơn. Một số nghệ sĩ mạnh dạn bỏ ra kinh phí lớn để thực hiện các video âm nhạc quảng bá gây được tiếng vang, nổi bật có Michael Jackson cùng ""Thriller"" với 800.000 đô-la Mỹ (1983) và ""Scream"" (1995) với 7 triệu đô-la Mỹ. Số khác lại tìm được nguồn khán giả lớn từ khi mạng toàn cầu xuất hiện vào thập niên 2000, với các hệ thống trình chiếu và thương mại như YouTube, Google Videos, Yahoo! Video, Facebook, MySpace, Vevo và Cửa hàng iTunes, giúp các video âm nhạc được tiếp cận tốt hơn và mở ra một vài thể loại video tân thời khác như ""Video lời nhạc"" hay ""Video không chính thức"". Nhờ sự phát triển rộng rãi của video âm nhạc trong ngành công nghiệp, chúng được chú trọng hơn trong khâu quảng bá và được nhiều bảng xếp hạng âm nhạc tính vào cơ sở cấu trúc xếp hạng đĩa nhạc dưới dạng số liệu truyền dữ liệu hàng tuần, đơn cử như ""Billboard"" Hot 100 Hoa Kỳ.

"
18,Tổng diện tích của Quần đảo Revillagigedo là bao nhiêu?,"Quần đảo Revillagigedo

Nhóm đảo Revillagigedo (, ) hoặc quần đảo Revillagigedo là nhóm gồm 4 đảo núi lửa nằm ở Thái Bình Dương. Nằm về phía tây nam của Cabo San Lucas (mũi phía nam của Bán đảo Baja California) khoảng 390 km và nằm về phía tây của Manzanillo 720–970 km, nhóm đảo được biết đến với hệ sinh thái vô cùng độc đáo của nó. Xét về mặt hành chính, nó là một phần của Manzanillo, bang Colima từ năm 1861 nhưng vẫn thuộc thẩm quyền của Liên bang Mexico.
Địa lý.
Tổng diện tích của quần đảo là 157,81 km² (60,93 mi2, trải rộng từ đông sang tây 420 km (261 dặm). Phía nam của đảo Socorro là một căn cứ hải quân với khoảng 45 người. Trong khi đó, một đơn vị đồn trú nhỏ của hải quân trên đảo Clarion có khoảng 9 người. Các hòn đảo đều không có dân cư sinh sống. Các hòn đảo được đặt tên của Don Juan Vicente de Güemes, Bá tước thứ hai của Revillagigedo vị phó vương thứ 53 của Tân Tây Ban Nha.
Nhóm đảo bao gồm 4 hòn đảo là: San Benedicto, Socorro, Roca Partida và Clarion. Đỉnh cao nhất là Evermann (1130 mét) nằm trên đảo Socorro. Trong khi 3 hòn đảo San Benedicto, Socorro và Roca Partida nằm gần nhau (múi giờ miền núi) thì đảo Clarion tương đối xa so với các đảo còn lại (cách 200 km) nên nó có múi giờ (Múi giờ Thái Bình Dương). Trong khi phần lớn giờ ở Colima lại là (Múi giờ miền Trung).
Revillagigedo là một trong ba nhóm đảo của Mexico ở Thái Bình Dương không nằm trên thềm lục địa, cùng với Đảo Guadalupe và Rocas Alijos.
Sinh thái học.
Quần đảo là nơi có nhiều loại động thực vật đặc hữu, đôi khi còn được biết đến với tên gọi ""tiểu Galápagos của Mexico"". Nó được công nhận là vùng sinh thái trên cạn đặc biệt, một phần của Khu vực sinh thái Tân nhiệt đới. Trong số các đảo, Socorro là nơi có sự đa dạng về động thực vật và địa hình nhất. Ngày 4 tháng 6 năm 1994, Chính phủ đã thành lập khu vực như là một khu dự trữ sinh quyển quốc gia.
Theo Quỹ Quốc tế Bảo vệ Thiên nhiên, 14 trên tổng số 16 khu vực chim nơi đây được phân loại như là một vùng chim quan trọng với rất nhiều các loài chim biển đặc hữu. Đáng chú ý trong số này phải kể đến loài Hải yến và Hải âu mày đen

"
19,Đặc điểm của ốc gai trắng?,"Ốc gai trắng

Ốc gai trắng (Danh pháp khoa học: Chicoreus ramosus) là một loài ốc biển trong họ Muricidae. 
Đặc điểm.
Chúng có vỏ lớn chắc, nhìn dạng ngoài như một cục xương có nhiều gai. Số tầng xoắn ốc 7. Miệng vỏ tròn, mép ngoài miệng dạng răng cưa, mép trong miệng láng mỏng, mương trước miệng sâu, dài, không thẳng, mương sau miệng không rõ ràng chỉ là một lõm đơn giản.
Ốc thường phân bố nhiều ở vùng biển nhiệt đới ấn Độ - Thái Bình Dương, ở Việt Nam thường gặp nhất là ven biển miền Trung và các đảo, nơi có các rạn đáy đá ngầm. Vỏ có hình thù kỳ lạ, là hàng mỹ nghệ được ưa thích.
Tham khảo.
page(s): 747]

"
